Frame,20230221_MV_01_TH_120_2.0.mp4
0,-0.01732505093946765
1,-0.01745767477688018
2,-0.01773173872522056
3,-0.0179075741180736
4,-0.017252159087637598
5,-0.016407367056213474
6,-0.016200730817272087
7,-0.012328602616249374
8,-0.010933411745733602
9,-0.0060187890418052685
10,-0.0004444564491112406
11,0.0003392032566168412
12,0.0009623446033183202
13,0.003635658333777005
14,0.005408279624568763
15,0.0060424979401326245
16,0.008865897434376834
17,0.010538910183777674
18,0.01150475746809542
19,0.014792496754787936
20,0.014773290153893686
21,0.014946379753590094
22,0.015707702135392233
23,0.017463314034387147
24,0.017611452159866384
25,0.016048898560729878
26,0.01548203381175145
27,0.014683010149452821
28,0.017021773381338895
29,0.02366195387311473
30,0.024967115428802335
31,0.028442015188160707
32,0.03145202720581262
33,0.03181293665115571
34,0.029085788406227674
35,0.02620738463653253
36,0.022173059517145485
37,0.018323814124228552
38,0.013905249473110337
39,0.010617143987888416
40,0.008418817955684596
41,0.0059028812121955905
42,0.00303298519645033
43,0.002934912051854123
44,-0.0002668117481416793
45,-0.0053079036452050275
46,-0.008180542795411742
47,-0.009147257325131313
48,-0.009695494768272465
49,-0.010242578891724287
50,-0.00914419702319942
51,-0.006404373065278123
52,-0.005462697896421327
53,-0.006982910279525585
54,-0.011602704166479894
55,-0.01556644401167643
56,-0.015452690350983306
57,-0.017175452336865623
58,-0.016617867526652022
59,-0.010643004186093053
60,-0.008996832617748984
61,-0.005817678675904136
62,-0.0043627876909943355
63,-0.005404834026610207
64,-0.005064194021680683
65,-0.005724744702956133
66,-0.010608998575110405
67,-0.01384465377096844
68,-0.015198871252864706
69,-0.01918080037948501
70,-0.02040857223878556
71,-0.021286285404939608
72,-0.022281782859976593
73,-0.024220247083091336
74,-0.02930995167374171
75,-0.03116251484472377
76,-0.03864127746081142
77,-0.042363519433974144
78,-0.04382806172488608
79,-0.04346985564207615
80,-0.04559150196850274
81,-0.04505451208396061
82,-0.04477014485304963
83,-0.04284495055258988
84,-0.044719081278710104
85,-0.042754929290150005
86,-0.042813612480951474
87,-0.04190254402728146
88,-0.04445870804770266
89,-0.041901128725098456
90,-0.03834171141596597
91,-0.03517870398665163
92,-0.03061685635044207
93,-0.022240724769046004
94,-0.02277808073645694
95,-0.02203567693106582
96,-0.021600251425376978
97,-0.022035673099663484
98,-0.02133876737678441
99,-0.02551994889349938
100,-0.026293228787136046
101,-0.024627525714406472
102,-0.022419601461716863
103,-0.019648285902898008
104,-0.013395986557946243
105,-0.0036034164918690575
106,0.0022023936132225252
107,0.007333535757039839
108,0.012461765492312135
109,0.01785229558681868
110,0.01940208456281036
111,0.026150444181869327
112,0.023864107106858302
113,0.022567607623617765
114,0.021861086162629405
115,0.021954722548384042
116,0.020020009537364533
117,0.016662071921241008
118,0.01246191276576361
119,0.01371233289339761
120,0.00919889270851781
121,0.010197984057526067
122,0.00962324293715034
123,0.01191607836144487
124,0.0117479291582482
125,0.016268527379306234
126,0.01896681567703026
127,0.022485857305495315
128,0.024967838490749444
129,0.026543746807120065
130,0.026448049848950078
131,0.025715453850046525
132,0.019901775612884965
133,0.014882554544083056
134,0.01484591701264118
135,0.017262195927609608
136,0.02083049747432441
137,0.02576564086263213
138,0.03281532483862627
139,0.03528944641174747
140,0.0399667343026949
141,0.0440227947054208
142,0.04619571513492672
143,0.04793382512991722
144,0.0495545491710276
145,0.04723418211253143
146,0.04367050474674962
147,0.04406368715632638
148,0.04484410585602751
149,0.04614967818516168
150,0.04657509045771172
151,0.04894822497857054
152,0.05147406376035313
153,0.048465783487597655
154,0.049728435652300326
155,0.059437707858178576
156,0.06411349513047555
157,0.0661384160549892
158,0.06639959293849076
159,0.07178913268168999
160,0.07233279083246266
161,0.07074870895462226
162,0.0676981857720024
163,0.06667668841619
164,0.06597421207113129
165,0.060221384204394844
166,0.052839311472171406
167,0.040324400752881115
168,0.03360301173156121
169,0.02663437394384406
170,0.019726562890841175
171,0.012749273502091707
172,0.005866848081787876
173,-0.0001516317260172803
174,-0.005866658957060657
175,-0.007627692820188603
176,-0.006704136539805762
177,-0.005433580942050882
178,-0.005195376929988255
179,-0.0052257399579745956
180,-0.004402568943448648
181,-0.004703201044379719
182,-0.0022962328307636337
183,-0.0038132219545202045
184,-0.008430573822776406
185,-0.00881041682247858
186,-0.010245084337345313
187,-0.008563171073552762
188,-0.008849150871485259
189,-0.006942701690517354
190,-0.005007282383660494
191,-0.004246182681780647
192,-0.0036457723138802467
193,-0.006694733658725735
194,-0.00815634168831942
195,-0.013129516446562899
196,-0.012674786386614425
197,-0.01122892853289469
198,-0.014616156276148047
199,-0.021484750880331964
200,-0.02530599919324146
201,-0.025874963220152487
202,-0.025602434503904627
203,-0.02238192809944481
204,-0.020767344905553695
205,-0.02080350870158118
206,-0.020296614359831495
207,-0.021355509015982987
208,-0.01982311573335116
209,-0.014707857316096164
210,-0.01073718727981884
211,-0.0051920822717652065
212,-0.0021836645264311887
213,-0.003120024772753095
214,-0.0018065321027614014
215,-0.0011539749283340072
216,-0.0018403089327170257
217,-0.004296093116294008
218,-0.006176036515176371
219,-0.010372114646868928
220,-0.014807163926260782
221,-0.01529271188831293
222,-0.01731958145171332
223,-0.018111323569821668
224,-0.019269856991323577
225,-0.01737008584362209
226,-0.01566225294458799
227,-0.016198194020806564
228,-0.016000801875069484
229,-0.0175289185019822
230,-0.0182765825936413
231,-0.016494479859612606
232,-0.01752530169690371
233,-0.021262753628028878
234,-0.023768067139858934
235,-0.026223509392407633
236,-0.03405757469082955
237,-0.03764473185152746
238,-0.042238388724549485
239,-0.04280306593886608
240,-0.06396327592670054
241,-0.06970018233363645
242,-0.07035487471679447
243,-0.06639283266386731
244,-0.05927198061253473
245,-0.05424120394789872
246,-0.05050094168189413
247,-0.04645396045568797
248,-0.04366031411791249
249,-0.043557542115282635
250,-0.04364411965365499
251,-0.04563532229201997
252,-0.04619625046234657
253,-0.046158650034481406
254,-0.04578759795293343
255,-0.047276679588152154
256,-0.04922377945279048
257,-0.049895451877582625
258,-0.050977884899721895
259,-0.053195630389639544
260,-0.055658632712387135
261,-0.05461367469059095
262,-0.05341833536935995
263,-0.05139949699013446
264,-0.05013035169895587
265,-0.046781579018226396
266,-0.0405507450670851
267,-0.04109835731642278
268,-0.04150214844857492
269,-0.04144091192204828
270,-0.04566383060585582
271,-0.04693559579219507
272,-0.04642896032554482
273,-0.04465259293422759
274,-0.04125335458940056
275,-0.038894096376675055
276,-0.03940479869797694
277,-0.03380234461983427
278,-0.024717218616129112
279,-0.018377980268454358
280,-0.01361010998731188
281,-0.013534025040400077
282,-0.015009525814175188
283,-0.017320209912580438
284,-0.017498028096505122
285,-0.02181441010113802
286,-0.022459469010799454
287,-0.02245760604382617
288,-0.026221618612637915
289,-0.026565624052004626
290,-0.019402686421847053
291,-0.0034660750300168908
292,0.007560620378038452
293,0.01994655145051937
294,0.024889010696565544
295,0.025479572775999312
296,0.023620565600372914
297,0.022119494701336194
298,0.0199026817024704
299,0.02099192396376979
300,0.019593711937283063
301,0.01672008215176092
302,0.014258351602306082
303,0.010878236832966973
304,0.007405601390095808
305,0.004645084595303599
306,0.0055319161964790045
307,0.008075107768968637
308,0.008779038314276115
309,0.012021829382549414
310,0.01435173692133207
311,0.011444615636261313
312,0.015366167633686971
313,0.020953114778797008
314,0.026220219071616695
315,0.03409783830773883
316,0.0410796855940091
317,0.048697556072238815
318,0.05655228413151234
319,0.06393700376389994
320,0.06965533563154949
321,0.07559777266182423
322,0.07067011103025383
323,0.06454730700823438
324,0.05948674943808182
325,0.056287945546542636
326,0.048705139039599665
327,0.04519355086011274
328,0.03943793101247257
329,0.03749231784374459
330,0.032041710606210104
331,0.026282761975251194
332,0.014105107601888463
333,0.0011870486470703222
334,-0.011059613112061863
335,-0.024101162949111382
336,-0.032090030660539
337,-0.044884171709730206
338,-0.04796170353826894
339,-0.04951002195355554
340,-0.04688895460835275
341,-0.03988211081306346
342,-0.031217716136173343
343,-0.025312828055354425
344,-0.01706095506093036
345,-0.011001620252274113
346,-0.0054098707886444004
347,-0.00032049001087184475
348,0.006211872514853163
349,0.016382374125346922
350,0.030398321220120424
351,0.04413252098431688
352,0.05269387751964024
353,0.06299345484409873
354,0.08247132342858116
355,0.10321692444615006
356,0.13046298525293915
357,0.15086965286101917
358,0.16595523174545057
359,0.17852412568660864
360,0.18600305707071715
361,0.1824211927034117
362,0.17412532256400093
363,0.16880136880745875
364,0.15553177655966702
365,0.14654030942456767
366,0.12803647944519292
367,0.11401088477863437
368,0.10275093783110324
369,0.09018674377204927
370,0.083715855603426
371,0.0774034140843697
372,0.07172607519727939
373,0.07338007627899801
374,0.06270455983125899
375,0.053776579455664865
376,0.04550051272117814
377,0.04464047234749524
378,0.04319010083581769
379,0.039628359166713575
380,0.04171418439270386
381,0.0521626087367559
382,0.06564948414258065
383,0.07849897833163104
384,0.08648835334472377
385,0.08754954220732479
386,0.08523461623877465
387,0.0802604406032131
388,0.06446556198046934
389,0.032102168507507134
390,0.005337641011279662
391,-0.033183224364139424
392,-0.06456129200757157
393,-0.08607555620930887
394,-0.09831999086052215
395,-0.11130018254440152
396,-0.11940969276591107
397,-0.11736321242427619
398,-0.10669202587454188
399,-0.09326040820727838
400,-0.0672940824034784
401,-0.03900715590799281
402,-0.009600395171240464
403,0.016619259383041374
404,0.03007191749867757
405,0.03784097451578462
406,0.04517966257075562
407,0.04495983074378723
408,0.043662490361545514
409,0.030136495050886388
410,0.008332918006879325
411,-0.009053449337727705
412,-0.031200408595531914
413,-0.05804385813005078
414,-0.0696913632225011
415,-0.07638019064675032
416,-0.07735317005472177
417,-0.07753210873164845
418,-0.07747101172828158
419,-0.07001647912123748
420,-0.0657547555861558
421,-0.06057056724244465
422,-0.058110472728338705
423,-0.05688211284404747
424,-0.05697103284875481
425,-0.056789332804454126
426,-0.05780078350924856
427,-0.06179898989899908
428,-0.06611572362472541
429,-0.06888808985610924
430,-0.07186089829363546
431,-0.07458371023768953
432,-0.0744431482533327
433,-0.0731954956217165
434,-0.07186831651361567
435,-0.07013979663028469
436,-0.06922358178086047
437,-0.07007190346220601
438,-0.06961159383671114
439,-0.07276520838786527
440,-0.07920980237507802
441,-0.08064689478573123
442,-0.08134982390634703
443,-0.08394547831401891
444,-0.08657961237030445
445,-0.08855052582728773
446,-0.08722505435769773
447,-0.08756740770217523
448,-0.08907348663915353
449,-0.08657431656081094
450,-0.08363834311087745
451,-0.08052041049789767
452,-0.07121085626578498
453,-0.06294892023341209
454,-0.05247757039629532
455,-0.046010231524477155
456,-0.04417967023777489
457,-0.03838203735505799
458,-0.0337070398554685
459,-0.03480021134044326
460,-0.03407182552225739
461,-0.037462232384945914
462,-0.039990661861414874
463,-0.035986222338426375
464,-0.031999744557533946
465,-0.02682114365552677
466,-0.023081947987288298
467,-0.019758676932576352
468,-0.016854073465761843
469,-0.015130902020811451
470,-0.015530834724827594
471,-0.015111469852617215
472,-0.010666606143577229
473,-0.008848253485553709
474,-0.0059394928308171835
475,-0.004928165693973946
476,-0.0018571838594744622
477,-6.305274491057167e-05
478,-0.003170181679400544
479,-0.004403673560821858
480,-0.0009913307374171398
481,-0.005852987297914572
482,-0.010438568144535101
483,-0.016512906456741493
484,-0.015659985551094567
485,-0.014250626314296508
486,-0.012829060786681452
487,-0.01269134685522056
488,-0.013630835504161026
489,-0.017815967882339974
490,-0.017235297869114603
491,-0.016577989003381588
492,-0.01575117527922102
493,-0.014137291598539319
494,-0.013163036420480306
495,-0.010558631612463613
496,-0.007821654240468087
497,-0.005142770614674698
498,-0.0016873733248886844
499,8.101851192637843e-05
500,0.0051979222415692375
501,0.01150942558386786
502,0.01615511278485167
503,0.017768100838760202
504,0.024162151598187437
505,0.02732974090230024
506,0.030636790451438065
507,0.03425669373349956
508,0.03583003663224052
509,0.03691907139975481
510,0.03823437464101838
511,0.04357630099480188
512,0.04585060703346959
513,0.04943968818868126
514,0.05237175155950044
515,0.0501354364908341
516,0.05628263000860795
517,0.05779594284928846
518,0.06023579549533262
519,0.06422623860750908
520,0.06737094318806672
521,0.0694123426356848
522,0.06713566311387478
523,0.06810204408571402
524,0.06952681754848884
525,0.07059239367476097
526,0.0724656214454923
527,0.07319410361164384
528,0.07350866523803401
529,0.07215900147449122
530,0.06957060274871711
531,0.0671739412769965
532,0.06565437554507463
533,0.06555544986667283
534,0.061809662877308415
535,0.06000582940468729
536,0.05769116479812121
537,0.056419897109689636
538,0.0569857139442559
539,0.051934301670535594
540,0.0476066525862444
541,0.041803514760323575
542,0.031350016274478074
543,0.024865247795977128
544,0.018441760777540187
545,0.012503209816124766
546,0.006132577188722975
547,0.0017355630668619143
548,0.0011425363616937093
549,-0.0005454950950390045
550,-0.0037652360736298088
551,-0.0055052812615077815
552,-0.004625365845010637
553,-0.0011619205355011264
554,-0.00011279408538780733
555,0.004629971867060233
556,0.005562259651297988
557,0.006734733927809499
558,0.007904557584805245
559,0.008762339422760692
560,0.007847064264807
561,0.008383284083556961
562,0.005443540890135788
563,0.004520415705502642
564,0.005169468946574621
565,0.0034831992250315066
566,0.00047019109084025373
567,-0.0016119367738252621
568,-0.0022035791938200752
569,-0.003092256289480462
570,-0.006131555746848913
571,-0.008987659867359367
572,-0.011069128464549181
573,-0.010788664716734446
574,-0.009029549645287523
575,-0.008643616590717506
576,-0.009699129595187029
577,-0.010979143863274737
578,-0.012134283266546756
579,-0.011744564726776832
580,-0.010847561483393713
581,-0.011077870680111391
582,-0.011787098054824141
583,-0.01210066733692336
584,-0.011504239855373993
585,-0.01085114118014957
586,-0.009532500174038172
587,-0.008595497807718181
588,-0.006775871507869447
589,-0.004206924273226751
590,-0.0017516049931361015
591,-0.0019906459969274114
592,-0.001983944986731642
593,-0.003009184157016724
594,-0.007060190339961848
595,-0.008373747575686395
596,-0.011539163932249859
597,-0.01354012990556094
598,-0.01467774972726111
599,-0.015497623777441401
600,-0.028932498028245872
601,-0.030792231210152565
602,-0.02909587162159078
603,-0.025420035135963394
604,-0.021166266555292468
605,-0.01991009572317531
606,-0.016423029746480966
607,-0.01541387370809396
608,-0.011759248754945648
609,-0.008837891076895352
610,-0.010193461717018903
611,-0.014651734755061305
612,-0.013090465868413614
613,-0.013992535920140218
614,-0.013926274640637844
615,-0.01596415259871247
616,-0.022545917294548128
617,-0.025624714603594476
618,-0.02228051304187996
619,-0.015543308999722857
620,-0.01870784583875249
621,-0.01793778169892572
622,-0.0174966891623766
623,-0.01751618798249458
624,-0.02001494585510344
625,-0.031284383883531386
626,-0.03792841228440009
627,-0.037920526093082184
628,-0.037103609719525754
629,-0.037569083297129297
630,-0.034467280755278024
631,-0.030750891665070914
632,-0.02953993136306426
633,-0.028217035347785954
634,-0.025586989574343348
635,-0.018904605672461716
636,-0.016506859801969725
637,-0.010355815164911103
638,-0.002673944454491579
639,0.0033223605603910997
640,0.0068887390115926345
641,0.007960323619615694
642,0.012874636241559177
643,0.013013561814618047
644,0.01697975530577148
645,0.01875973855424471
646,0.01874434673424542
647,0.020376104068455286
648,0.022327560447586423
649,0.025723995238698713
650,0.024235044481307585
651,0.022822288962783356
652,0.01884891865887179
653,0.017369085419847084
654,0.020591638527400462
655,0.02567815734307986
656,0.026995554561497655
657,0.02449281100884622
658,0.02449910387049526
659,0.02488873737118083
660,0.02546501642335288
661,0.02508842944497265
662,0.02569236968912587
663,0.030513266191627614
664,0.03177094574293726
665,0.03444515567239327
666,0.03910494144957358
667,0.0415295943793377
668,0.04619292855730715
669,0.05036339488723561
670,0.05123226219263107
671,0.04732758192492138
672,0.043343952619679424
673,0.04134911810883479
674,0.03401747604979948
675,0.02705147267229341
676,0.02112894337666087
677,0.01068108656254905
678,0.0024746431002967695
679,0.0015773707414067327
680,-0.0017679173367920187
681,-0.007624156864494955
682,-0.008689795484865231
683,-0.007912602928870298
684,-0.00823504049361326
685,-0.005386506298246468
686,-0.006044504583883288
687,-0.0038864401680821815
688,-0.0031438241762312413
689,-1.527615049534692e-05
690,-6.910965726101767e-05
691,0.0021554902544033
692,0.006647212421730789
693,0.008606453382105722
694,0.0016576041044290696
695,0.001028544484462806
696,-0.0005296990373983498
697,-0.0010536198464150895
698,-0.0019525893092857023
699,-0.0010330655067614276
700,0.0014250179630765393
701,0.004311287835645725
702,0.01077752272879798
703,0.01592524785844936
704,0.025996029655402278
705,0.024933972862261664
706,0.02291966876555253
707,0.022118651098984556
708,0.015316620286640277
709,0.006419059109776878
710,-0.0011474336555639363
711,-0.01169111958809042
712,-0.013247593610712913
713,-0.01234058329565161
714,-0.007722302309839968
715,-0.00683226623735563
716,-0.005417278167972219
717,-0.00420725910018746
718,-0.0033664445851948922
719,-0.004237694619211991
720,-0.03314216509201188
721,-0.04212149160878026
722,-0.04780593510392288
723,-0.05232052958711409
724,-0.05314715430080191
725,-0.05446664219698373
726,-0.056543423940006804
727,-0.056820723951640624
728,-0.05516602670278704
729,-0.055196308056955155
730,-0.05407163117673149
731,-0.047845745013414036
732,-0.04263313790377252
733,-0.03715581812083083
734,-0.032690750744757746
735,-0.03017537699681387
736,-0.030187361488023326
737,-0.03026615970209512
738,-0.02997619357341519
739,-0.030062908675919132
740,-0.0296807835249365
741,-0.027203997149443826
742,-0.02420260623442559
743,-0.023297966503416288
744,-0.019342324821279493
745,-0.015041409104494603
746,-0.012088689063681981
747,-0.009178977421959838
748,-0.00892586967749615
749,-0.005838211259048636
750,-0.004044346099676934
751,-0.0006799455376002642
752,0.0012584990331819465
753,0.005783563025339229
754,0.006949776963465104
755,0.004848031149229173
756,-0.0007452156165234265
757,-0.00022277711264420338
758,0.0005692143479668413
759,0.0027768137884513176
760,0.006951457593810915
761,0.010726949295016937
762,0.011431823055851692
763,0.017672096815996755
764,0.022466398041756312
765,0.021474646312387304
766,0.020135879809507637
767,0.01834707439971047
768,0.019995358513994158
769,0.02463721856635437
770,0.02743098285336744
771,0.030344864162949424
772,0.03421328539305473
773,0.037431418919880825
774,0.038183194351122
775,0.037186281927777766
776,0.036695757155086085
777,0.03751606070538593
778,0.04208886488130159
779,0.04227277980569176
780,0.04259807858300261
781,0.04134742587085796
782,0.04016573510152652
783,0.03984624133774621
784,0.04026491522373592
785,0.04393900858468446
786,0.04557952308124539
787,0.0484130649563109
788,0.048339347829431466
789,0.04988749973048935
790,0.046367007869320125
791,0.0426980621737279
792,0.03834124378914712
793,0.03195753836644458
794,0.0271047117131462
795,0.02523981987860152
796,0.018301676587502938
797,0.016383984055273287
798,0.016601557784873894
799,0.01715957927574502
800,0.019188087030057522
801,0.01955929876687232
802,0.019493899531327928
803,0.020154212659139154
804,0.01912809238445959
805,0.019188568900765042
806,0.01786560775702928
807,0.014669779178961938
808,0.01308733976555826
809,0.01189244407486257
810,0.008924633970595588
811,0.00804244673995581
812,0.007176077969543516
813,0.006122038852984893
814,0.004141536346024453
815,0.002672665113669051
816,0.0018475764351180667
817,-0.004676309565631167
818,-0.010741090407835052
819,-0.015580933122314414
820,-0.017898557095145234
821,-0.0183430483836632
822,-0.017397590018481793
823,-0.013593678554581497
824,-0.011477945614169857
825,-0.015040495990315803
826,-0.01695005462465259
827,-0.014786605067992266
828,-0.013328233220319632
829,-0.013170436972533034
830,-0.009424525709844138
831,-0.009348793856061653
832,-0.01324502997721232
833,-0.013076861694136035
834,-0.013638736599668707
835,-0.016230207956086293
836,-0.01722364250122393
837,-0.015590743781805038
838,-0.016900912150319358
839,-0.014795010199979544
840,-0.03406454833480918
841,-0.035803592442368956
842,-0.043297070468200485
843,-0.05353552567128862
844,-0.05650475444740842
845,-0.058878897311045224
846,-0.05937103465005563
847,-0.06437892233565264
848,-0.06512619436320158
849,-0.06592769737903345
850,-0.06695280000709075
851,-0.06647847878607081
852,-0.06683598072658162
853,-0.06852010170868666
854,-0.06892954117296529
855,-0.06902778137434892
856,-0.06902258168904174
857,-0.06714539599362188
858,-0.06500727570351006
859,-0.06433835725497106
860,-0.059816277265710614
861,-0.056521806303009646
862,-0.049179301813438984
863,-0.045790487222284314
864,-0.04696653358598159
865,-0.04780933027569191
866,-0.04833827925068911
867,-0.04798344682575417
868,-0.043394687849214186
869,-0.0446873059018746
870,-0.044340587940696514
871,-0.03942581406476921
872,-0.030261254547770677
873,-0.022002642704771785
874,-0.021837429612695317
875,-0.01975687405820628
876,-0.0169289222199413
877,-0.012606966472183095
878,-0.007504653888683273
879,-0.000501617369137064
880,0.0018503491398403071
881,0.0024564357669877718
882,0.0052712148670225195
883,0.008740962530269986
884,0.013860659703267858
885,0.01670823051312194
886,0.018102140808397255
887,0.016925567349546318
888,0.01866179454227837
889,0.01782380526751306
890,0.01922164184127219
891,0.017220700640529503
892,0.016230736798158882
893,0.013393461066099788
894,0.012321448727565368
895,0.010313128882862982
896,0.008195088539491767
897,0.0061414214781545864
898,0.0050679228389864245
899,0.006096306708063472
900,0.009360147751347053
901,0.009724884683847669
902,0.013083633506961227
903,0.012726785411980183
904,0.015389459717066865
905,0.016017128193615893
906,0.018761949262592684
907,0.020549028780851762
908,0.02618974850524823
909,0.028570807914330754
910,0.031074650811380708
911,0.0342220178156311
912,0.03649659781697547
913,0.03499751526015796
914,0.043229163340050905
915,0.046572846359554554
916,0.051290925233676246
917,0.05320640641642149
918,0.05484221485321891
919,0.057182381001773405
920,0.058445670269510905
921,0.058028483451280734
922,0.051968301626825655
923,0.046318976246813644
924,0.04420657584560065
925,0.04197184563624283
926,0.041568453597378915
927,0.04080701141251542
928,0.039922879764989525
929,0.03984680912336967
930,0.03489205435045689
931,0.0318540090017834
932,0.02887546516563007
933,0.03006370594680441
934,0.026874572806035002
935,0.023282701609276535
936,0.01897982615493426
937,0.020610312011448792
938,0.02536780097830199
939,0.026856514819480426
940,0.026068781214405347
941,0.02510079304077665
942,0.022604479527751506
943,0.021025643388981177
944,0.02504869526291838
945,0.028224257913525945
946,0.031220515627786265
947,0.030891982177786603
948,0.02993179539309328
949,0.030463537858239305
950,0.030623991595002547
951,0.029206753083002815
952,0.029298421632614993
953,0.028912762409353417
954,0.026575197434249374
955,0.029334958653935903
956,0.027890956168922103
957,0.02511029680301923
958,0.019670742150373927
959,0.01684919367208729
960,0.0018285042098286734
961,-0.003434752673630668
962,-0.010529530273294424
963,-0.0167802162156969
964,-0.01859877056548697
965,-0.022125155517699314
966,-0.02711188218518218
967,-0.03240240390064555
968,-0.0342229737633224
969,-0.03319412045729498
970,-0.039318108523567645
971,-0.04222874446607182
972,-0.043467127676512646
973,-0.04195570391529703
974,-0.04241358109367483
975,-0.0434395732066535
976,-0.046754098323833156
977,-0.04955594876088903
978,-0.050028173506296104
979,-0.04903512589292899
980,-0.052024951543190846
981,-0.05450701853770066
982,-0.051972827267977625
983,-0.049827530099411384
984,-0.048049943316751796
985,-0.04653639443076122
986,-0.04482487428045918
987,-0.04672129157500546
988,-0.048498257872540584
989,-0.05264122913640432
990,-0.0546357346426382
991,-0.056130955954206
992,-0.05296731082459499
993,-0.048420569595867144
994,-0.045971435603215226
995,-0.043915886157991316
996,-0.04246008129794835
997,-0.04150441183753269
998,-0.04299303704338211
999,-0.04355663175625609
1000,-0.045473034309448976
1001,-0.045253280014576194
1002,-0.043370574560586746
1003,-0.04310288663236046
1004,-0.03876163278456995
1005,-0.03614788972285021
1006,-0.03633711767916556
1007,-0.03415958195660159
1008,-0.031034072813878343
1009,-0.03128204592393662
1010,-0.0334499610450362
1011,-0.03316036240896266
1012,-0.033682866074583706
1013,-0.03403022446029842
1014,-0.0329238933435749
1015,-0.033239440818168514
1016,-0.02982917481085482
1017,-0.027986167520044864
1018,-0.023929402952604376
1019,-0.021750151637307993
1020,-0.023132747334584175
1021,-0.023660046878234243
1022,-0.023455791362047746
1023,-0.020617283525048363
1024,-0.018200341793015308
1025,-0.013691234073801128
1026,-0.009766227778715532
1027,-0.005004361646911176
1028,-0.0008791529650012814
1029,0.004371801596177276
1030,0.010574659429310164
1031,0.01708875467531957
1032,0.019079261463921617
1033,0.021125409181709555
1034,0.02189206655931831
1035,0.02609829777101985
1036,0.02973726880723368
1037,0.03448596823860261
1038,0.036033716257384336
1039,0.04577245988983024
1040,0.0611965582705561
1041,0.06613377787687184
1042,0.06650724790727475
1043,0.07047482829526139
1044,0.06899816682997148
1045,0.06857996697238503
1046,0.06999035724504919
1047,0.06749914435659438
1048,0.06801209804546941
1049,0.07150063870284902
1050,0.07372367347809392
1051,0.07175614485637961
1052,0.07634194274724149
1053,0.07321045494686067
1054,0.06958071434687732
1055,0.06377849065139526
1056,0.06061100267247352
1057,0.05535563567499495
1058,0.05414092331413591
1059,0.05045937728684807
1060,0.0485572456888802
1061,0.04740056360071578
1062,0.04877025429503191
1063,0.0523113193220925
1064,0.05378852858717561
1065,0.052628857731851476
1066,0.05263329310916608
1067,0.05003576311341653
1068,0.049057247402291865
1069,0.0478968076298134
1070,0.04417863678024175
1071,0.0390367437936057
1072,0.03896005530070537
1073,0.03504588934617228
1074,0.03498683929270052
1075,0.03639156938955738
1076,0.03818817150866889
1077,0.038223508942778
1078,0.03613840888386659
1079,0.0322604094370722
1080,0.016056692961299884
1081,0.006359301375946924
1082,0.00038134455113467136
1083,-0.0008431804133333873
1084,-0.0014500306481985623
1085,-0.0073636396781126545
1086,-0.006947193473450339
1087,-0.005867116264368144
1088,-0.0037645592879141723
1089,-0.004407310803903025
1090,-0.0033450820539973267
1091,-0.0036709851658542347
1092,-0.006521147402006808
1093,-0.011019251636599274
1094,-0.015515925617707267
1095,-0.021746726230343773
1096,-0.02319344133004033
1097,-0.026971144030940135
1098,-0.031676377733418845
1099,-0.034213929169632895
1100,-0.036423948638840964
1101,-0.03695839538060536
1102,-0.03842995639623227
1103,-0.03939748177598763
1104,-0.03873085690323588
1105,-0.038640033812182936
1106,-0.03954144702774459
1107,-0.038523484234466956
1108,-0.03895730801398632
1109,-0.03458539766534168
1110,-0.034720720255844446
1111,-0.03573737561479642
1112,-0.036078794983363964
1113,-0.03530914910957378
1114,-0.03257930116731257
1115,-0.03134420687035283
1116,-0.029338802583356527
1117,-0.027180436737253837
1118,-0.022163238092708752
1119,-0.019815312266599827
1120,-0.020947354282107318
1121,-0.020555523742126575
1122,-0.02089098598414743
1123,-0.021099186731145705
1124,-0.020138929981057957
1125,-0.017667312541163587
1126,-0.015827918951804434
1127,-0.0171240860954044
1128,-0.013862865974021723
1129,-0.015330469782419205
1130,-0.01357930530051528
1131,-0.01174491396779992
1132,-0.011398884149516848
1133,-0.006518276960810217
1134,0.0002576210899205497
1135,0.008742265237213168
1136,0.01229415282095251
1137,0.014473841975815416
1138,0.016043370803926652
1139,0.014960951387906402
1140,0.011460541143156821
1141,0.008222560859072626
1142,0.004954817941062626
1143,0.004675783279094094
1144,0.0058032304235692495
1145,0.009610833091351332
1146,0.014036517142125692
1147,0.015549260916443097
1148,0.016179379273236632
1149,0.017881466240355897
1150,0.020299633522516715
1151,0.022857112347177237
1152,0.02240141071208283
1153,0.02490280795098848
1154,0.025060353372467432
1155,0.027010295505744086
1156,0.027666166420809102
1157,0.029069282717738197
1158,0.030009597608514026
1159,0.03013304995845885
1160,0.029435680454765058
1161,0.030130433192167305
1162,0.030467564612767284
1163,0.031796275327760574
1164,0.030569435957085743
1165,0.0312867775447987
1166,0.032014760330757765
1167,0.03750771545777548
1168,0.04108332629801933
1169,0.04284600653637752
1170,0.04228431380676331
1171,0.041390644108427924
1172,0.041127763341425684
1173,0.041680543603995854
1174,0.04261800030496628
1175,0.04145569559687201
1176,0.034466888186650335
1177,0.03229499571864448
1178,0.02995890122260937
1179,0.026289200875746217
1180,0.027417306352773285
1181,0.026715164063071235
1182,0.02730200706004502
1183,0.03349063189555175
1184,0.03654453509490266
1185,0.03357789245641696
1186,0.03317959362311314
1187,0.03350207312075814
1188,0.03408567405784389
1189,0.032927996161828794
1190,0.031856195200413606
1191,0.029229047353699276
1192,0.026807609623812605
1193,0.024138901376112618
1194,0.024250349860548335
1195,0.023069640602117338
1196,0.022650508811853032
1197,0.02438020493637877
1198,0.02308395072058145
1199,0.020046254814644178
1200,-0.0035284379911568187
1201,-0.0132812716234387
1202,-0.019014269930964584
1203,-0.021396060530922127
1204,-0.024616674827347876
1205,-0.02475029702085544
1206,-0.02594739267190249
1207,-0.02672521732472656
1208,-0.0267492589953165
1209,-0.027961227820557044
1210,-0.03182635505430502
1211,-0.035863099045700134
1212,-0.043032611322981335
1213,-0.04478319823353123
1214,-0.04366268388935485
1215,-0.042728131279199166
1216,-0.04224096177264083
1217,-0.04128443230214771
1218,-0.03816583486961397
1219,-0.03728088762398668
1220,-0.03495189157396421
1221,-0.03874341417099877
1222,-0.04670611639639358
1223,-0.04475859950854355
1224,-0.04506124607537139
1225,-0.04166147396471198
1226,-0.03713629083051198
1227,-0.03321391960862746
1228,-0.03312912424197057
1229,-0.036304923882669024
1230,-0.0381283453888934
1231,-0.041710164083332675
1232,-0.042187564663678
1233,-0.04251648201929882
1234,-0.04359939767029593
1235,-0.0396340085189743
1236,-0.04104339678389425
1237,-0.04235749254893856
1238,-0.04316841713499442
1239,-0.04716115390304776
1240,-0.04912020248163955
1241,-0.04737267188651101
1242,-0.04829300594103679
1243,-0.045727655271932795
1244,-0.04369521268672197
1245,-0.04290647555926205
1246,-0.040620252949105894
1247,-0.04001836634082714
1248,-0.03892285709214474
1249,-0.034951272570863307
1250,-0.030696547478422872
1251,-0.028385570078554568
1252,-0.02752530642753285
1253,-0.023407817051885757
1254,-0.026040620557063708
1255,-0.02779426360547663
1256,-0.027420935735679653
1257,-0.028644843101360642
1258,-0.030847971934140628
1259,-0.028617734732042228
1260,-0.01511647271166526
1261,-0.014700574016964521
1262,-0.012888647693840148
1263,-0.01225465836229924
1264,-0.011651017351088491
1265,-0.010351619408913555
1266,-0.011552035957137337
1267,-0.008713072449372833
1268,-0.007289646020415846
1269,-0.008283062256236332
1270,-0.008794159901460756
1271,-0.009959267630717694
1272,-0.009396673670798987
1273,-0.008220032242628482
1274,-0.0072623220081205475
1275,-0.0051545501875554164
1276,-0.006476312505342079
1277,-0.0018411524856705788
1278,0.002950274239233705
1279,0.0115432037918698
1280,0.014195042476438664
1281,0.014604067946062088
1282,0.01341637201665044
1283,0.014298391008861946
1284,0.012550428155701794
1285,0.01764812739564601
1286,0.01923012728763243
1287,0.02300469579808835
1288,0.02234405775439858
1289,0.024290856056100846
1290,0.03115585534645015
1291,0.028863330557573105
1292,0.028016845106737902
1293,0.02661481770691801
1294,0.027931984901018343
1295,0.030815986884410146
1296,0.031793366323279705
1297,0.03069939018117812
1298,0.0301702368132881
1299,0.027273976045272423
1300,0.022886534341457397
1301,0.01770105178701213
1302,0.016477980312428114
1303,0.01941227276511285
1304,0.022341716765474834
1305,0.01652847366433651
1306,0.009355452068280725
1307,0.0041141180721453625
1308,0.0027248874367137715
1309,0.0039518267267999625
1310,-0.00150137723747586
1311,-0.0011582762171371379
1312,-3.9528597167444446e-05
1313,0.0032746973794688036
1314,0.007210405900018087
1315,0.011913313922729724
1316,0.013753093281891494
1317,0.013805718618940786
1318,0.015319708623612233
1319,0.015901696463119487
1320,0.024259291795746422
1321,0.022174459198014564
1322,0.023032644885333735
1323,0.021366564608938758
1324,0.022894301648790832
1325,0.023769403313019195
1326,0.022017512732311093
1327,0.024159150353967755
1328,0.02372533886397313
1329,0.02536881055427292
1330,0.023475118172675453
1331,0.022202661887351063
1332,0.023261914095609588
1333,0.023373945929105463
1334,0.022251715872344934
1335,0.01834949119858323
1336,0.015630306223270024
1337,0.011707360159729629
1338,0.009529010898315718
1339,0.006182306578393773
1340,0.005138839560111867
1341,0.0024463949633084315
1342,0.0004895612501315133
1343,-0.007564377409650396
1344,-0.009009652421343496
1345,-0.010717074403856199
1346,-0.013892422841338188
1347,-0.012376020664924535
1348,-0.0077015686421518376
1349,-0.0047741936955605045
1350,-0.001350581428459547
1351,-0.0029150385474024758
1352,-0.004230419650011327
1353,-0.0043868348401483225
1354,-0.005164882396340062
1355,-0.003739641549791237
1356,-0.0010935776279999481
1357,-0.005541330198761256
1358,-0.009074716912758319
1359,-0.010257215647441635
1360,-0.009366710240561066
1361,-0.007903109482471768
1362,-0.0059644082160154165
1363,-0.00812728196430885
1364,-0.010556944398072301
1365,-0.012114399980542926
1366,-0.01183425952555957
1367,-0.011960040529309632
1368,-0.012046693954270705
1369,-0.014881225242770555
1370,-0.015007481767151536
1371,-0.015261163868221628
1372,-0.018001498769972854
1373,-0.019818994691173986
1374,-0.023995412986662384
1375,-0.022142463049258643
1376,-0.02337425516512511
1377,-0.019391212305580927
1378,-0.01859947636037436
1379,-0.018799952046255942
1380,-0.02164095011806797
1381,-0.022134487349524223
1382,-0.02100485853840652
1383,-0.01869712393472716
1384,-0.018047344928076445
1385,-0.01888327906866254
1386,-0.02073319591995808
1387,-0.020404001847850524
1388,-0.021577593786462377
1389,-0.0263029498270354
1390,-0.028246031932816894
1391,-0.031568063973337494
1392,-0.03201108208686394
1393,-0.028560742419328686
1394,-0.027715225350007578
1395,-0.027966813973989525
1396,-0.022553630883951292
1397,-0.016816892217174487
1398,-0.010703802976610978
1399,-0.0051974399511341834
1400,0.0002874122332363824
1401,0.0006945749583846875
1402,-0.0011906943810703063
1403,-0.003603585679137312
1404,-0.005829635337817111
1405,-0.008059567126421613
1406,-0.013551231613752393
1407,-0.014811124822526982
1408,-0.01421118850154178
1409,-0.013511860981663924
1410,-0.01216840425436121
1411,-0.014806791554457736
1412,-0.022980072887313192
1413,-0.02239059602182719
1414,-0.015960028186044816
1415,-0.015833599719690138
1416,-0.013701767922546078
1417,-0.013178208084405823
1418,-0.014596303281711482
1419,-0.015553126010769875
1420,-0.014697053715474567
1421,-0.0153123557413564
1422,-0.017021064351928367
1423,-0.015523040122378165
1424,-0.01549431281759471
1425,-0.012413856222502236
1426,-0.00875378935955316
1427,-0.005028760334220152
1428,0.0017544956934660155
1429,0.0021760511279391437
1430,0.0014528420399044645
1431,-0.003215171326652437
1432,-0.010912268561864474
1433,-0.013776836033811822
1434,-0.01788195864148746
1435,-0.021977219363870905
1436,-0.025463234427668426
1437,-0.030780733243913085
1438,-0.04137400147242262
1439,-0.045702741609565056
1440,-0.05082521016789688
1441,-0.05571949177370985
1442,-0.058282918090929725
1443,-0.057490630766896124
1444,-0.07066554523930094
1445,-0.07769758092989723
1446,-0.07773925996545333
1447,-0.07904752535874968
1448,-0.0812787820073445
1449,-0.08126001867530805
1450,-0.08081866857141126
1451,-0.08166493932589983
1452,-0.08386885759382358
1453,-0.08484753718922794
1454,-0.08661440683861925
1455,-0.08713916320550204
1456,-0.08942714912855275
1457,-0.086559862367608
1458,-0.08405365534305091
1459,-0.08081170333905917
1460,-0.07748241618724702
1461,-0.07510334399840059
1462,-0.0758800171947448
1463,-0.07361901066221417
1464,-0.07292209936943074
1465,-0.07317497409702474
1466,-0.0745599732142227
1467,-0.07551123305497266
1468,-0.0799364273920352
1469,-0.08433723327126931
1470,-0.08890790195912976
1471,-0.08955252172421048
1472,-0.09277458025784682
1473,-0.09871805130428805
1474,-0.10066392090559337
1475,-0.10028143959759771
1476,-0.10402569065370304
1477,-0.10786559845583824
1478,-0.10600209872245095
1479,-0.10805177953734844
1480,-0.11105884066453339
1481,-0.11614536285224619
1482,-0.11863379873048413
1483,-0.11710320196386478
1484,-0.11775265221401243
1485,-0.11903860053249594
1486,-0.12278115767242853
1487,-0.12720084094629946
1488,-0.1268206755118743
1489,-0.12931370466157968
1490,-0.12891444731258778
1491,-0.12849113905415924
1492,-0.1302459634159211
1493,-0.12887911425018833
1494,-0.12873964441424868
1495,-0.1299568315389633
1496,-0.13139204911911528
1497,-0.13172914040544084
1498,-0.13381469568979118
1499,-0.1310623728648645
1500,-0.12838991512372747
1501,-0.13054717998980409
1502,-0.1304658697371124
1503,-0.13098647970163602
1504,-0.12728692471138647
1505,-0.12477702247388336
1506,-0.12035910416171537
1507,-0.1198441037710729
1508,-0.11876897837727154
1509,-0.11820882315837024
1510,-0.11603748147234183
1511,-0.11532357160774728
1512,-0.11378795267049652
1513,-0.10894550771107689
1514,-0.10744928055802433
1515,-0.10370448178785398
1516,-0.09844729035120132
1517,-0.09345791472830493
1518,-0.08718752412165132
1519,-0.07737302732204936
1520,-0.0670874232309723
1521,-0.05765695387797752
1522,-0.05205858183597276
1523,-0.04382576202558707
1524,-0.0397712461235579
1525,-0.03662337023874127
1526,-0.0292928397505674
1527,-0.02566680948131292
1528,-0.021444437724101706
1529,-0.015456140050367233
1530,-0.0077852158521377265
1531,-0.0023512808442489683
1532,0.006841658860708075
1533,0.015242240428471934
1534,0.023119217453480945
1535,0.03415954626753531
1536,0.04409203139792985
1537,0.05325097842192467
1538,0.059612937110867584
1539,0.06663620354479746
1540,0.07421760669967196
1541,0.08214929519356731
1542,0.0895786103323794
1543,0.09695397372982859
1544,0.10696383044303938
1545,0.11962634409375808
1546,0.12982845473310872
1547,0.13542434993550945
1548,0.14403474657497584
1549,0.15691986141603376
1550,0.16941632805545315
1551,0.18094876574353255
1552,0.19231661786318494
1553,0.2052485444845816
1554,0.22008374384633017
1555,0.23269372483921463
1556,0.2426878370301066
1557,0.2512927980699503
1558,0.2601904588056072
1559,0.2709583852776877
1560,0.299781948644619
1561,0.3089242257405769
1562,0.32406781193962564
1563,0.3442058242751404
1564,0.36094600279018735
1565,0.37418730366696423
1566,0.3897086260235522
1567,0.4030466018759872
1568,0.4222690267251921
1569,0.43795749116486693
1570,0.4554484032080137
1571,0.47146444253942354
1572,0.4892794831774042
1573,0.5062750091558368
1574,0.524894967558074
1575,0.5394016438336825
1576,0.5568473937509422
1577,0.5739207004184447
1578,0.5914094187561083
1579,0.6102289309847512
1580,0.6293966752902456
1581,0.6541923414473351
1582,0.6737871050571543
1583,0.6980718388097338
1584,0.7214760642072315
1585,0.7439816368326924
1586,0.7679712115301716
1587,0.7897381659333559
1588,0.8095483181640454
1589,0.8319794227050084
1590,0.8510518510395343
1591,0.8759370115455756
1592,0.900669916429566
1593,0.9269293598093263
1594,0.9524324855146443
1595,0.9801800489334415
1596,1.0129379824178761
1597,1.044656170429189
1598,1.0786802405879776
1599,1.1086234621268738
1600,1.1365954152825177
1601,1.1639658658908052
1602,1.1913835597918012
1603,1.2191065531714147
1604,1.0267509522281495
1605,0.8806322698847646
1606,0.8459949298193592
1607,0.8632984865346192
1608,0.2614936151302716
1609,0.3418459696682993
1610,0.402793047800158
1611,0.44679657244594695
1612,0.3244840772189198
1613,0.21331644150762474
1614,0.17420298486208607
1615,0.18253063209328535
1616,0.018646193736214567
1617,-0.032675531954582615
1618,-0.035245805644259054
1619,-0.010815217895089768
1620,-0.1789478077490232
1621,-0.24540838920056607
1622,-0.2346745732017801
1623,-0.21061189320785356
1624,-0.3656298496970365
1625,-0.4302174838912701
1626,-0.43906747768152443
1627,-0.4133745426695087
1628,-0.39092752048585466
1629,-0.511091540124684
1630,-0.5865518354861532
1631,-0.5965993087135142
1632,-0.7774270825986649
1633,-0.7961495618501175
1634,-0.775335575259253
1635,-0.7504856881448692
1636,-0.8956036670757936
1637,-0.8869570789199068
1638,-0.8436482587465268
1639,-0.7994449341346728
1640,-0.7662987542424189
1641,-0.7534849677004809
1642,-0.747088354819683
1643,-0.7324125726425419
1644,-0.7138774409097443
1645,-0.738991265886268
1646,-0.773969090018658
1647,-0.7803043486320164
1648,-0.9614577056058689
1649,-0.9546056760247493
1650,-0.9227755286409534
1651,-0.8946321143175946
1652,-0.8585186700996464
1653,-0.8296665168443857
1654,-0.7993742793508634
1655,-0.7711976192622229
1656,-0.7436517952678542
1657,-0.7203447782458031
1658,-0.6996531895870362
1659,-0.6809110662042897
1660,-0.6632958658138679
1661,-0.6391430015944752
1662,-0.6130396981545672
1663,-0.5914334126022109
1664,-0.5684728950939627
1665,-0.5470156264421644
1666,-0.5270204790358379
1667,-0.5059127925080694
1668,-0.4827187393243846
1669,-0.46339133785927783
1670,-0.4397803699208342
1671,-0.4250495396263466
1672,-0.4065936317061495
1673,-0.3885954260009814
1674,-0.37177204062240315
1675,-0.35709552269356765
1676,-0.3427999934591076
1677,-0.3286553823223717
1678,-0.3139897137671072
1679,-0.30317908313601116
1680,-0.2876765017557844
1681,-0.2805074662833174
1682,-0.26612287721095457
1683,-0.2546428714554684
1684,-0.2387236297036291
1685,-0.22774671508919853
1686,-0.21719456162124473
1687,-0.20280846609850212
1688,-0.18892192715654854
1689,-0.17657359503122338
1690,-0.16381206178103747
1691,-0.15402341359947724
1692,-0.145254635248951
1693,-0.13367812119010103
1694,-0.12283357847789578
1695,-0.1098679044587566
1696,-0.09752979094946657
1697,-0.07927920157147195
1698,-0.07077223541308408
1699,-0.06257911171024744
1700,-0.04725400551098591
1701,-0.033916939420231995
1702,-0.024881875764011574
1703,-0.015127208439204232
1704,-0.011948545539110511
1705,-0.007105703781577932
1706,-0.00044925445448262824
1707,0.008725307353129041
1708,0.015442991739712975
1709,0.021622130696064334
1710,0.027483518269033058
1711,0.03644431178353136
1712,0.03859169775248383
1713,0.039360551190188775
1714,0.04199196007617745
1715,0.04607392643589203
1716,0.050467194590435804
1717,0.057173883651924884
1718,0.05920255093164173
1719,0.05975221764569272
1720,0.06085289609327993
1721,0.058645778103289414
1722,0.05648894491535428
1723,0.06059297712407308
1724,0.06869186505989344
1725,0.07275326965915141
1726,0.07644813808835249
1727,0.08151113733072657
1728,0.08911700231083053
1729,0.09197736989149574
1730,0.0916575203309693
1731,0.09172500617364543
1732,0.09191246037562684
1733,0.09382940172358467
1734,0.0951245609289697
1735,0.09555599970008566
1736,0.0928321596953377
1737,0.09174670055352341
1738,0.0915574548934387
1739,0.09042556852839084
1740,0.08769704027197822
1741,0.08330617557318215
1742,0.08009474283834533
1743,0.07875748037630231
1744,0.07824911933710987
1745,0.07747853962880119
1746,0.07833008591025137
1747,0.08221594029702001
1748,0.08734946275887856
1749,0.0898741441559231
1750,0.09604917536231022
1751,0.09994282875221883
1752,0.0960790612588927
1753,0.09319330046468094
1754,0.08769839807561097
1755,0.08424500960264286
1756,0.08177869502584534
1757,0.07797857794179369
1758,0.079880900196446
1759,0.08133561990187854
1760,0.08152589446809788
1761,0.08525791420791207
1762,0.08952002574145018
1763,0.09174517283716738
1764,0.09353919351391451
1765,0.09203884356333544
1766,0.0930242574142133
1767,0.092955985044093
1768,0.08760057079818184
1769,0.08206527634353547
1770,0.07704856464239662
1771,0.07720767544565199
1772,0.08111715308540404
1773,0.08233703729007416
1774,0.08128496899328672
1775,0.08318564959934421
1776,0.07752975289037539
1777,0.07406254437251414
1778,0.07748392096719567
1779,0.07841677599881833
1780,0.0816019256597599
1781,0.07965051949446994
1782,0.0788773732134504
1783,0.07632160923357242
1784,0.07605597438760342
1785,0.07531579505089497
1786,0.07860922055693886
1787,0.07743944530370458
1788,0.07675532570953938
1789,0.07749960542135667
1790,0.08046597548642825
1791,0.08383283160475496
1792,0.08320860495197435
1793,0.07996991724846167
1794,0.07929591720672671
1795,0.08245608970479315
1796,0.08278585391673779
1797,0.08225388543785314
1798,0.08139749404917657
1799,0.07991531286704995
1800,0.08115803942513208
1801,0.0806720315991186
1802,0.08481909918896707
1803,0.08258109453009499
1804,0.07807968455482991
1805,0.07366904041540784
1806,0.06892262534114858
1807,0.0735961593933389
1808,0.07320053708114932
1809,0.06972906502799718
1810,0.06990206079974559
1811,0.07061583100780909
1812,0.07464724325508108
1813,0.07135733296795856
1814,0.06907652681591163
1815,0.06684750578436827
1816,0.06622979717402401
1817,0.06420824385423234
1818,0.06006945181895622
1819,0.05669326503168489
1820,0.05950483076754948
1821,0.055149851322996
1822,0.04910694969661734
1823,0.04802466932386888
1824,0.04358576980972957
1825,0.041622776375733986
1826,0.045391515017195766
1827,0.04531455431992485
1828,0.04283440739943671
1829,0.03957103577467126
1830,0.03081095142421084
1831,0.024614568402872468
1832,0.022860765805974327
1833,0.0209247451871145
1834,0.01469288565780658
1835,0.014347467580977494
1836,0.011623136259903952
1837,0.014349727101941975
1838,0.014837682654224051
1839,0.016693735211902865
1840,0.025097719298747212
1841,0.022993253147628998
1842,0.01939261774161749
1843,0.013583932662530968
1844,0.0104089352791404
1845,0.007033333807706231
1846,0.006558884687258779
1847,0.00417404970782962
1848,0.002814201379231447
1849,0.007737240805225681
1850,0.007404674037540332
1851,0.005471870021723731
1852,0.00863576472679324
1853,0.007543425855532325
1854,0.0008781832490989266
1855,-0.0010032176194060827
1856,-0.003807400397221647
1857,-0.009121100047147251
1858,-0.010231956032928868
1859,-0.0066091244002286775
1860,-0.002349457980542799
1861,-0.0012541855162765958
1862,0.00047529226320711104
1863,-0.0005812711697592218
1864,0.00020130609282001388
1865,0.002711033871230263
1866,0.004420315846421653
1867,0.004716099310485687
1868,4.455057596697981e-05
1869,-0.002066471746099842
1870,0.0008510910987055906
1871,0.0027154329363186618
1872,-0.0009517610945180416
1873,-0.0007085709006824439
1874,-0.00203880944694642
1875,-0.007221235077237466
1876,-0.009077139272467082
1877,-0.010440831441348483
1878,-0.009003870080629094
1879,-0.009326057694340788
1880,-0.01543333799161134
1881,-0.01552120959055052
1882,-0.011002275223202043
1883,-0.005581762516518145
1884,-0.000251256102083465
1885,-0.004054517515124846
1886,-0.00339641780294336
1887,0.00021352436793254173
1888,-0.00041659671705866763
1889,-0.0037103605168768497
1890,-0.006262159765908496
1891,-0.0076471918690710905
1892,-0.0054745057874677275
1893,-0.005548074181715754
1894,-0.00914158125166082
1895,-0.018230868236552768
1896,-0.026824467782404528
1897,-0.028050309975706185
1898,-0.029587818232248868
1899,-0.022820589150097978
1900,-0.013504313435479028
1901,-0.008314810532748285
1902,-0.004452584207785656
1903,0.0007613027241210255
1904,0.0035845895651008958
1905,0.005700362884171627
1906,0.0055418042782887
1907,0.011146163134358511
1908,0.015918644416111134
1909,0.010763483612777625
1910,0.012247043800347872
1911,0.01070545458460953
1912,0.014865079185048794
1913,0.013815411602349231
1914,0.013936641729218836
1915,0.01942097050300023
1916,0.021833758861833828
1917,0.023542828158776584
1918,0.027267552142965036
1919,0.03285692274192901
1920,0.04101205981173674
1921,0.03834697267361542
1922,0.033841586905842096
1923,0.0306164356731284
1924,0.027786441920311915
1925,0.026459666061377667
1926,0.025381597300288675
1927,0.0233758373477857
1928,0.01856333348035452
1929,0.01434617604463212
1930,0.014767843111247334
1931,0.013971149346785276
1932,0.014364238170579528
1933,0.008508120675457833
1934,0.006757494280228992
1935,0.004700944622024292
1936,0.002462162126277194
1937,0.00026417918529368645
1938,0.002744571648346017
1939,0.004606983106062827
1940,0.00459681900323199
1941,0.004322137296862927
1942,0.004159319499650271
1943,0.0015627737023901078
1944,0.004266130848482954
1945,0.009301341975469338
1946,0.009469549365598708
1947,0.00954141332761195
1948,0.010825494937745463
1949,0.011132086718075855
1950,0.011906699992494166
1951,0.009709134869303054
1952,0.01180568701770901
1953,0.01074572953001142
1954,0.012838757603732147
1955,0.010984249466311033
1956,0.010398421705594761
1957,0.010386991796634389
1958,0.00902785587172477
1959,0.009813642994586955
1960,0.008888887421166117
1961,0.0077342494427068455
1962,0.003091766539859528
1963,0.00013807961244430983
1964,-0.0035143117275722793
1965,-0.005417838466479315
1966,-0.0049883562214121276
1967,-0.004687146763236373
1968,-0.007459189320302286
1969,-0.010922975013539733
1970,-0.012617419539626078
1971,-0.016561950663573535
1972,-0.024191595479072674
1973,-0.02384964827955848
1974,-0.022930801484035986
1975,-0.02289754139903443
1976,-0.022681961478506728
1977,-0.020365932294084226
1978,-0.017542116619427908
1979,-0.018386115233243495
1980,-0.017537929812352047
1981,-0.01779582901551919
1982,-0.017715210471466597
1983,-0.01615721197456554
1984,-0.013323144630361418
1985,-0.013426657813616173
1986,-0.013763955880410395
1987,-0.015424639489590213
1988,-0.017874074174453584
1989,-0.01942840896438081
1990,-0.02079527768586972
1991,-0.02002943093029291
1992,-0.01816930977709976
1993,-0.014304079233612363
1994,-0.015889987044782297
1995,-0.01569432662600337
1996,-0.019069260518688208
1997,-0.021266152452727363
1998,-0.021282017087043862
1999,-0.019981143496473012
2000,-0.01837104022798225
2001,-0.014463932680915037
2002,-0.013511139030034116
2003,-0.013713912296558408
2004,-0.011928495063302591
2005,-0.010356416989381412
2006,-0.007826324091605665
2007,-0.004533080699473597
2008,-0.006153318316754249
2009,-0.006298175548177786
2010,-0.01023725647564801
2011,-0.010652873891410584
2012,-0.00953433864682967
2013,-0.005807203180245545
2014,-0.006665244986846342
2015,-0.005907658674006336
2016,-0.003303929131473272
2017,-0.0005091484194514771
2018,-0.0008383221652952548
2019,-0.00013201465633699404
2020,-0.00025316639560230003
2021,-0.0016194051721347066
2022,-0.0032782773852297045
2023,-0.0024524829791188613
2024,-0.001368578819154048
2025,0.0026282449184063614
2026,0.0056693607076000255
2027,0.007331838213316075
2028,0.004408215521307159
2029,0.0003051292357639417
2030,-0.0008204000528384313
2031,-0.0018122204469080035
2032,-0.00215962732416589
2033,-0.0014618690626844785
2034,-0.002628378359321875
2035,-0.0039240074471708075
2036,-0.0043278240940255175
2037,-0.0006468265959786767
2038,0.005121015754920367
2039,0.0069282544325510315
2040,0.017833823904838498
2041,0.014428675922746236
2042,0.012600148812702359
2043,0.014261808729453984
2044,0.014428102635705743
2045,0.012907548935646308
2046,0.01159151066955337
2047,0.008705256909567739
2048,0.007869016769600846
2049,0.00854551105572594
2050,0.004285033855361809
2051,0.006382860447319118
2052,0.008189625784566588
2053,0.00801448797829421
2054,0.006115386422281176
2055,0.009827803238049698
2056,0.0136520508372452
2057,0.016149972362029003
2058,0.017145943394728618
2059,0.0162164542030446
2060,0.014105522138692138
2061,0.012011439605462557
2062,0.009590729303455883
2063,0.013041189037865417
2064,0.012707505483881582
2065,0.009908993243440547
2066,0.005272446115011658
2067,0.0044362275998512685
2068,0.0038083740260548902
2069,0.0017471510125464046
2070,0.0038441365563499095
2071,0.004194475867127085
2072,0.002707838050852015
2073,0.003335171419763884
2074,0.001079216761388643
2075,0.0023909196558616285
2076,0.002110499370431728
2077,0.0010966927647123896
2078,-0.00022772089834025548
2079,0.0025217461905015447
2080,0.005030217819931488
2081,0.006791651415037873
2082,0.005606329423144873
2083,0.003155704518222963
2084,0.0027845178835082577
2085,0.005678461726423852
2086,0.009913176116015556
2087,0.008230579159005736
2088,0.008081304398310054
2089,0.007501918925802645
2090,0.006028310938929703
2091,0.004024393845386165
2092,0.002314147775908099
2093,0.0028061380607923288
2094,0.001306498049298079
2095,-0.000676961686638347
2096,-0.004217931771077351
2097,-0.006054647024508178
2098,-0.005253658518785689
2099,-0.006502656910821756
2100,-0.01115792568424461
2101,-0.013352075697727036
2102,-0.01616061411733227
2103,-0.020422834195077094
2104,-0.02498101127589653
2105,-0.02750071354291625
2106,-0.031952956840208255
2107,-0.03206472387529143
2108,-0.032684221461139584
2109,-0.03124307122707216
2110,-0.030246182249499855
2111,-0.027933402649353678
2112,-0.02582726330791542
2113,-0.024325667768494964
2114,-0.025054323618973827
2115,-0.028013733639988214
2116,-0.027971942481920035
2117,-0.028034173450747144
2118,-0.02344876963170691
2119,-0.02177935873589261
2120,-0.021841486040800714
2121,-0.025396770202161034
2122,-0.021749739683035625
2123,-0.015981821964330425
2124,-0.016985198582793765
2125,-0.017158504650762685
2126,-0.012960456110161507
2127,-0.007600340373149956
2128,-0.007769306216918428
2129,-0.008005720127683958
2130,-0.004746093017682744
2131,-0.0024096679639391966
2132,0.0023447308421741635
2133,0.0012851705454419333
2134,-0.0002602895594520892
2135,0.0005571462880095378
2136,-0.0002318205200747582
2137,-0.0007115542352177269
2138,-0.0017827770146445834
2139,-0.001479216027712272
2140,0.0005513010380581197
2141,-0.0009987752715740726
2142,-0.00263008822306543
2143,-0.00605498954645833
2144,-0.008293506921498574
2145,-0.011264874422732904
2146,-0.010723198779940338
2147,-0.01043425254467864
2148,-0.009254466895082223
2149,-0.009453655561304383
2150,-0.009577187124154375
2151,-0.008840275257606434
2152,-0.00798108453999976
2153,-0.0023177331455470906
2154,0.0019366019644846584
2155,0.004101634746891701
2156,0.006193837919401181
2157,0.007454315858837036
2158,0.014161689310578058
2159,0.014798953618441142
2160,0.029159861867643903
2161,0.023346028912843354
2162,0.020204332900543957
2163,0.009919604302096655
2164,0.008517232144481187
2165,0.006250030019408135
2166,0.005827886829321595
2167,0.005912655817977917
2168,0.006330346288166099
2169,0.0056314053101609515
2170,0.004592839676796762
2171,0.003656005476385782
2172,0.0017696833566850992
2173,-0.0017204532508265178
2174,-0.005744676636094627
2175,-0.008493481942359861
2176,-0.0123992599368434
2177,-0.018302961985733807
2178,-0.018473967053519075
2179,-0.018163417303679787
2180,-0.018629873147295275
2181,-0.017222742874852898
2182,-0.012983652493984312
2183,-0.007060702004913292
2184,0.0003441948249127587
2185,0.005100211417740096
2186,0.006899341760229456
2187,0.005326035702169017
2188,0.007545758939762802
2189,0.004382346169072786
2190,0.008132912353753317
2191,0.012830198168406838
2192,0.012136087631285344
2193,0.009976252135646152
2194,0.01097851818996624
2195,0.009657859947113507
2196,0.009618270600067936
2197,0.006800254931735927
2198,0.010338757915413395
2199,0.00970774433298258
2200,0.01679436887429557
2201,0.018355572259375362
2202,0.014608454115060465
2203,0.013608165874047177
2204,0.012417857183695744
2205,0.01131440581554035
2206,0.010351400513540651
2207,0.008351714831991968
2208,0.00532938279345893
2209,0.0007274470990227535
2210,-0.004321236918047799
2211,-0.010220272449540043
2212,-0.01355912090857955
2213,-0.013366957800153501
2214,-0.011864986173110926
2215,-0.0076796887027387505
2216,-0.005675486609409654
2217,-0.00866288115794815
2218,-0.009609584568981712
2219,-0.012251534322594534
2220,-0.011084694120963466
2221,-0.010624794886768164
2222,-0.00981030538764311
2223,-0.00836142171242936
2224,-0.008568262111543566
2225,-0.006181588857856855
2226,-0.00854552466468199
2227,-0.008764219507135339
2228,-0.008068266369661358
2229,-0.009528049804249712
2230,-0.009833741919462452
2231,-0.008331760540094262
2232,-0.010136748292368783
2233,-0.010409639699359914
2234,-0.01171057376884944
2235,-0.012599395141580802
2236,-0.009716093572041704
2237,-0.01037918355990735
2238,-0.01108686202420754
2239,-0.01390782623428694
2240,-0.015134340454176005
2241,-0.015832968203061407
2242,-0.012601226792403554
2243,-0.010760585094820224
2244,-0.011088717288415432
2245,-0.01255436071170338
2246,-0.013846058190788449
2247,-0.015761721631805743
2248,-0.019273349647615397
2249,-0.02398574561039307
2250,-0.028874845548108354
2251,-0.029371531842948963
2252,-0.0295708330379297
2253,-0.02941701175233262
2254,-0.026208194186575384
2255,-0.02190491613938358
2256,-0.019268723705259772
2257,-0.012417730480623092
2258,-0.00826035798079927
2259,-0.005083300827783544
2260,-0.001031467128807289
2261,-0.001684176170026655
2262,0.0035930848946661605
2263,0.008047193789298843
2264,0.007300123123930708
2265,0.0038459492290850994
2266,0.0033379855175658182
2267,-0.002781490630351366
2268,-0.006068852275098464
2269,-0.009698430599283065
2270,-0.010824106499522021
2271,-0.010397499847754081
2272,-0.009609905571598104
2273,-0.011456240288368018
2274,-0.01136824054893051
2275,-0.009591488143015392
2276,-0.008747138549459594
2277,-0.008335200637710618
2278,-0.0025701853936857463
2279,0.0008351353630053314
2280,0.02476984252794214
2281,0.024053472885201113
2282,0.016820080975316
2283,0.012046207978904325
2284,0.010343224804184955
2285,0.0061033603580098374
2286,0.005965656053251481
2287,0.006076287125128329
2288,0.006113929701764595
2289,0.006114124346822885
2290,0.01381061455253857
2291,0.018762949849073472
2292,0.01868702013325025
2293,0.020207368670955097
2294,0.01799926294826526
2295,0.018898937555544372
2296,0.02096947000532113
2297,0.02381665623322827
2298,0.023598172672963855
2299,0.023005249910751938
2300,0.022658795093648574
2301,0.021051039440434682
2302,0.022389867232074402
2303,0.023869745736245198
2304,0.025403592235561937
2305,0.02955525792263084
2306,0.03160945356606661
2307,0.0375713623365494
2308,0.03852524157888619
2309,0.038900239176425926
2310,0.04068673126041813
2311,0.041663077019543665
2312,0.04587497764256929
2313,0.04965592285050974
2314,0.04962294571706312
2315,0.04919909448908379
2316,0.0477270509447663
2317,0.04319964764234034
2318,0.04301459484772081
2319,0.03866198166713087
2320,0.03589113681532402
2321,0.03577833819933206
2322,0.03350960721315664
2323,0.0328868823352361
2324,0.03586119862097728
2325,0.037519666850844575
2326,0.03892208556441367
2327,0.03826413473608919
2328,0.0361059633494291
2329,0.0337985977999493
2330,0.030558113202378372
2331,0.02768534904124311
2332,0.02702993435269078
2333,0.025851399901806665
2334,0.027210768335372816
2335,0.024448274379779172
2336,0.022553446157815356
2337,0.02175499777168868
2338,0.019021601700486362
2339,0.020997846297723152
2340,0.021192700690740265
2341,0.019011150620603733
2342,0.015601035032098566
2343,0.014430786009671112
2344,0.011923592648536388
2345,0.01294833563193059
2346,0.011975548466800393
2347,0.011916634569125707
2348,0.010641035642852494
2349,0.010811783616779695
2350,0.00993854874990737
2351,0.011002157571183321
2352,0.010228030448547261
2353,0.014310814957798575
2354,0.017210778101836466
2355,0.018712350790974205
2356,0.016671426141302327
2357,0.014361520322645392
2358,0.010917445868539856
2359,0.008144244092099039
2360,0.006625403987065716
2361,0.004075004645857014
2362,0.003254865197506812
2363,0.004408959159602148
2364,0.0032041941477401054
2365,0.0017074567820453274
2366,-0.003778738727034478
2367,-0.008028749438071192
2368,-0.009214403818610127
2369,-0.009596068830281912
2370,-0.00929531491862727
2371,-0.007980390292691937
2372,-0.009455341379934645
2373,-0.011141108538275546
2374,-0.01507378953484726
2375,-0.016533593084848135
2376,-0.017892735082403348
2377,-0.017254519481064157
2378,-0.01940675213104373
2379,-0.022106944832281143
2380,-0.023628128671690715
2381,-0.022844211953878597
2382,-0.02194554680088736
2383,-0.02090845077324069
2384,-0.02372832825677558
2385,-0.023281263819936525
2386,-0.01989173035060296
2387,-0.01806966490298556
2388,-0.019080878399523223
2389,-0.01992033939880354
2390,-0.023549442544284524
2391,-0.026269657536277663
2392,-0.03173053328553735
2393,-0.035957666896428146
2394,-0.04124544854032795
2395,-0.04200389576586661
2396,-0.04103710478159389
2397,-0.03985189170085522
2398,-0.039238907594072524
2399,-0.038270999228811484
2400,-0.024570378071324315
2401,-0.037042996806981573
2402,-0.03782106583015307
2403,-0.03979584574483478
2404,-0.03835809736385438
2405,-0.03683789593167919
2406,-0.035113331197743916
2407,-0.03588654964176706
2408,-0.03184907138421929
2409,-0.03251483473343882
2410,-0.029586226957265288
2411,-0.02799382266240821
2412,-0.02821843314239554
2413,-0.027758120858611263
2414,-0.026039465210437655
2415,-0.019805294503177723
2416,-0.01236478369981112
2417,-0.00814737262770657
2418,-0.009200164370340526
2419,-0.010121375990724936
2420,-0.012336959257010602
2421,-0.014600696604162869
2422,-0.014194046029522497
2423,-0.009259763284497395
2424,-0.004144302036388669
2425,-0.002036704270825796
2426,0.0010537744202749888
2427,0.0033809966234621264
2428,0.00711713082157879
2429,0.007492792855767212
2430,0.0077208488645603215
2431,0.0045640266591303845
2432,0.003935321011111246
2433,0.004164294392495046
2434,0.003355295039929238
2435,0.005350998784058342
2436,0.006058604916088579
2437,0.0070840950704212265
2438,0.0050175337555409885
2439,0.006740745692808605
2440,0.005466571275607183
2441,0.006818631248815602
2442,0.006211245632075878
2443,0.008658461357876304
2444,0.012953739343592265
2445,0.012045146515283177
2446,0.013649745272905751
2447,0.017303168395580708
2448,0.020142797239177467
2449,0.02661551503680474
2450,0.02976435630395531
2451,0.03016658357918229
2452,0.02804884807750261
2453,0.02678159520979658
2454,0.027386202292952216
2455,0.025074813111943844
2456,0.022627556731907344
2457,0.021911645402293366
2458,0.02007398726268482
2459,0.013073691103654595
2460,0.00780783942848599
2461,0.004125379539026628
2462,-0.0027442474826587957
2463,-0.005087998715602126
2464,-0.0059981933497490455
2465,-0.007342707970658731
2466,-0.009743274304805805
2467,-0.011266161350587518
2468,-0.00576467089532918
2469,-0.00046160300520172413
2470,-0.0025807194973263246
2471,-0.002493446618136808
2472,-0.006857860676138351
2473,-0.0030665077787661
2474,-0.0037366619247540386
2475,-0.006435922997892484
2476,-0.011391514343046036
2477,-0.013812812534126202
2478,-0.013532067338598347
2479,-0.011014720952457943
2480,-0.0058615299803282265
2481,0.002483968030926065
2482,0.003363442343211745
2483,0.007648751216292941
2484,0.00846917774796315
2485,0.003130313861928682
2486,0.0029385201433060806
2487,0.002374344806091071
2488,0.002308187978499342
2489,0.0049096383327563616
2490,0.006948977432841263
2491,0.004779335760448679
2492,0.0033784554652414745
2493,0.002934338756985051
2494,-0.0037449327315208034
2495,-0.008231582524041638
2496,-0.009558770180685083
2497,-0.01099769213514959
2498,-0.008094328339026284
2499,-0.01272036785173399
2500,-0.013260322782398247
2501,-0.014335196659999886
2502,-0.015400091747254119
2503,-0.01753770769247428
2504,-0.018360925801095714
2505,-0.01587710246006658
2506,-0.018218007205094817
2507,-0.018796072706849465
2508,-0.02065576410232204
2509,-0.021774022112493886
2510,-0.024671084120868263
2511,-0.02510164851144403
2512,-0.0217153678483658
2513,-0.018882851994264174
2514,-0.01636532561373622
2515,-0.016154424884161675
2516,-0.016267047929950682
2517,-0.014476547407625193
2518,-0.013799806432145937
2519,-0.00817866274101776
2520,-0.0007872015646232175
2521,-0.011459419340545552
2522,-0.02373349491547789
2523,-0.025255433044812627
2524,-0.029722058568745168
2525,-0.030469941311358533
2526,-0.03362884750585566
2527,-0.02875590167411035
2528,-0.031234795455568263
2529,-0.02911268985017471
2530,-0.028241033437298294
2531,-0.030842306454762113
2532,-0.0321067607553282
2533,-0.03423611143162007
2534,-0.03268630231247674
2535,-0.030689592794889607
2536,-0.025992598325700507
2537,-0.024314528356743074
2538,-0.02063094547380495
2539,-0.016854611753714416
2540,-0.01768763137124539
2541,-0.015699576707023735
2542,-0.011218982173171084
2543,-0.008325339786718927
2544,-0.011175778665114315
2545,-0.014484425256638702
2546,-0.017681353444421212
2547,-0.020984631852177763
2548,-0.023467451977244754
2549,-0.02616238988230917
2550,-0.023960517678514606
2551,-0.018280191667582137
2552,-0.01586817190562013
2553,-0.010699218725968573
2554,-0.0013810909189531165
2555,0.00022614235188844756
2556,0.004476437650889176
2557,0.010113508100569678
2558,0.011127013608034163
2559,0.009353832406378992
2560,0.013159097994355051
2561,0.016008247244613964
2562,0.016724060451151983
2563,0.026846324402854282
2564,0.030664623719673295
2565,0.02791750905816151
2566,0.03069305488344115
2567,0.028289970063097372
2568,0.026611405790627853
2569,0.023782239994365656
2570,0.024054845905305745
2571,0.022199042691470307
2572,0.02099196873012818
2573,0.029282800248370537
2574,0.0346996371868979
2575,0.03707060462456676
2576,0.036193430108121795
2577,0.03462334759634887
2578,0.03268370698638157
2579,0.029051430005129678
2580,0.029903423199982127
2581,0.03026785189010881
2582,0.032546516933441086
2583,0.03708439516317963
2584,0.036262520354037105
2585,0.035475991523138094
2586,0.035214894642875805
2587,0.035936023431256514
2588,0.03135232786681895
2589,0.028332123847385614
2590,0.025246413038901107
2591,0.019070543419292898
2592,0.017673948732342036
2593,0.013707592437199228
2594,0.012050921445582787
2595,0.013291805595857851
2596,0.012491005922186955
2597,0.011518691073310305
2598,0.007748978476515629
2599,0.007164198143830008
2600,0.005562937571219843
2601,0.006547600342494424
2602,0.003730232175261262
2603,0.0017418770518243167
2604,0.0008289320740690626
2605,-0.0009053393803195586
2606,-0.0031209843810648327
2607,-0.001417960844069019
2608,-0.0017892620996612738
2609,-0.0017411907589656838
2610,-0.000726904343649231
2611,0.0016302048812423912
2612,0.006466293265568049
2613,0.010338522889709737
2614,0.015015761974090098
2615,0.017722602992414634
2616,0.015308921188766108
2617,0.013842852159156161
2618,0.01346900959732249
2619,0.014002621587723963
2620,0.01399974690138648
2621,0.01252666160644399
2622,0.01372534912395101
2623,0.013640275025147688
2624,0.01227423195088594
2625,0.009786738682362815
2626,0.008950637895541732
2627,0.008239963393875848
2628,0.005827818828666261
2629,0.0025252286845132803
2630,-0.0020754385966777894
2631,-0.004682452137260318
2632,-0.006409462367863692
2633,-0.004111340844629153
2634,-0.004016992276288871
2635,-0.003697911768896063
2636,-0.004516583994867967
2637,-0.0035762324876121507
2638,0.0004087134139700889
2639,0.0016385631984424647
2640,-0.00668270803767692
2641,-0.009562929919333604
2642,-0.013717105498200297
2643,-0.018170707796239978
2644,-0.02438651034707024
2645,-0.025311170729500274
2646,-0.02497302965443203
2647,-0.025360003487881054
2648,-0.023458067826082916
2649,-0.02402710641199205
2650,-0.023464240859901335
2651,-0.025596172591720708
2652,-0.031580320616267255
2653,-0.034290429988416644
2654,-0.03813186715752586
2655,-0.038494743262522314
2656,-0.03348568389870534
2657,-0.0304117219485982
2658,-0.02721500169614115
2659,-0.02649332432429254
2660,-0.025237321175995114
2661,-0.02513668520750019
2662,-0.027403666703930622
2663,-0.027262849438197945
2664,-0.02804596127051578
2665,-0.028628698646527017
2666,-0.03114050635962636
2667,-0.03060144050715621
2668,-0.02919251914127893
2669,-0.01617566858727671
2670,-0.0060057046756575375
2671,-0.002157014765494779
2672,0.0006045440699047368
2673,0.00307108297760314
2674,0.006417139576224078
2675,0.008211443613464533
2676,0.010997644879819999
2677,0.010618482635437743
2678,0.011557220012368325
2679,0.01255926779004711
2680,0.013406393154975091
2681,0.014275804948127559
2682,0.01316443956636385
2683,0.014158636707601854
2684,0.014024127752667873
2685,0.013434334339434544
2686,0.012145908532920243
2687,0.01759055389487125
2688,0.0203104996017424
2689,0.01766461438122241
2690,0.018410292294281157
2691,0.022589640783276445
2692,0.02349514383421705
2693,0.022276624894413424
2694,0.02487845691502577
2695,0.026629164603040004
2696,0.02557089921347592
2697,0.02538526757611867
2698,0.025642656859870088
2699,0.022598916836227008
2700,0.021540074781680234
2701,0.022130040571549645
2702,0.024927775274975996
2703,0.028540550860854302
2704,0.03030633730771288
2705,0.029098585399797518
2706,0.03116293509570387
2707,0.032345224409587134
2708,0.033566025999815674
2709,0.033162949862795034
2710,0.03268057353540906
2711,0.029974705241355728
2712,0.025749807269041584
2713,0.022161427674084452
2714,0.01757941564637793
2715,0.0172751339134673
2716,0.01671621323200074
2717,0.01784982858032138
2718,0.016420407669379217
2719,0.016371154906724666
2720,0.0166587698930782
2721,0.019324917361061227
2722,0.02190122292534627
2723,0.020923932800434985
2724,0.021047049710379705
2725,0.019467969286031537
2726,0.019529910821719405
2727,0.019025833470264486
2728,0.01959803136382262
2729,0.018068187731815726
2730,0.018537587214775556
2731,0.01931564609613716
2732,0.017005078253899582
2733,0.0175700858545964
2734,0.0159409121058448
2735,0.0152301803521529
2736,0.014621108199423208
2737,0.016195729290860807
2738,0.014806614080495509
2739,0.01194936217917245
2740,0.008545685429503916
2741,0.009952089440412575
2742,0.009487555738807808
2743,0.009058059819602612
2744,0.012403581145426931
2745,0.012955934616426926
2746,0.007612882791271834
2747,0.006368730209394352
2748,0.003015038148540615
2749,0.0007940788466091128
2750,0.0008117417486524711
2751,-0.000623538162150359
2752,-0.005000876161695568
2753,-0.005625069652412256
2754,-0.007916076249994693
2755,-0.005070181912983432
2756,-0.002323118036184277
2757,-0.0009870026130088215
2758,-0.0027896543620780784
2759,-0.0036212173612158276
2760,-0.013771429090144803
2761,-0.02072234633850263
2762,-0.02793209995457986
2763,-0.035199956929896865
2764,-0.03796222757330553
2765,-0.03751072351623798
2766,-0.03276358968636683
2767,-0.028231643274513565
2768,-0.02809775393731711
2769,-0.030120683857557846
2770,-0.03074697089952698
2771,-0.03270400311602371
2772,-0.03331116784797627
2773,-0.03348062277527879
2774,-0.03564505396571097
2775,-0.03916759048204483
2776,-0.042621413787242
2777,-0.045218190024589835
2778,-0.043698983023178505
2779,-0.04184331992221711
2780,-0.039247644258546134
2781,-0.033921285221336396
2782,-0.0348848385989777
2783,-0.03330973205336256
2784,-0.03145485783582948
2785,-0.03214766898457788
2786,-0.03248547215513414
2787,-0.028841214866799844
2788,-0.029027355437638805
2789,-0.02775593302641121
2790,-0.028846805018054634
2791,-0.03067228449668201
2792,-0.03194755275414307
2793,-0.03303225977606032
2794,-0.039133166211005786
2795,-0.03774868319509402
2796,-0.03437054961465519
2797,-0.03474993924047952
2798,-0.03635000751121388
2799,-0.03475937555906376
2800,-0.028711420470396605
2801,-0.022235125032979516
2802,-0.014973366952529312
2803,-0.00812813785435201
2804,-0.0059574599493792645
2805,-0.0020032050124920535
2806,-0.0004201857996164633
2807,-4.58911936196231e-05
2808,0.0014154851238097794
2809,0.0032249306534727976
2810,0.002832089609884396
2811,0.004146385112550471
2812,0.0047510427473697395
2813,0.00845420897539513
2814,0.009766670317308365
2815,0.01276855759596791
2816,0.014636061665822032
2817,0.01471454196734313
2818,0.014407607596721966
2819,0.017753409360561898
2820,0.019144064486409394
2821,0.02214317124759766
2822,0.025373635819171195
2823,0.025862096248330878
2824,0.023163632162122062
2825,0.01723888661833146
2826,0.0162704251778535
2827,0.01534039942934378
2828,0.015401902209174985
2829,0.01653610535821227
2830,0.01801302356095483
2831,0.020988755417216953
2832,0.0207325274579468
2833,0.02089077522968787
2834,0.017545785001753095
2835,0.01499405063036214
2836,0.015099090791680893
2837,0.018764732878748677
2838,0.022953824247030952
2839,0.022695368492403507
2840,0.021730261220714253
2841,0.020614105997777427
2842,0.01770342220511443
2843,0.016205221360753995
2844,0.01292797256992404
2845,0.011126896811473802
2846,0.008745191052128854
2847,0.009712254552809392
2848,0.010137748111973141
2849,0.011232118837128529
2850,0.010038177864826338
2851,0.006067867321555846
2852,0.006543387388750342
2853,0.010278852037483237
2854,0.012283394658310735
2855,0.015385877785432078
2856,0.015434062449551167
2857,0.013225548703275851
2858,0.011021085698724687
2859,0.01424644328598214
2860,0.015801825815395264
2861,0.01822429447859069
2862,0.017268495630537554
2863,0.019143349957324043
2864,0.018495751958743346
2865,0.01827602113056484
2866,0.021154761395555353
2867,0.018979843913716137
2868,0.017095947825678012
2869,0.015910436331934223
2870,0.012529159903466189
2871,0.010443957234152094
2872,0.007558312225042792
2873,0.00767607039705854
2874,0.007631551613851747
2875,0.007938663111809165
2876,0.009325428823013456
2877,0.01107262722589018
2878,0.008909720708448518
2879,0.00903684607948247
2880,-0.0067334024406661835
2881,-0.011978575199864862
2882,-0.012820105930043721
2883,-0.017370646704741796
2884,-0.020830516692676056
2885,-0.022428769322599525
2886,-0.019994468004288595
2887,-0.01897530059192465
2888,-0.01816867534607887
2889,-0.018200695211545107
2890,-0.017335861104423457
2891,-0.01796241162048559
2892,-0.017925270665871178
2893,-0.011652590845785913
2894,-0.00881316165045222
2895,-0.007989732663294023
2896,-0.009547456208181352
2897,-0.008688478903861836
2898,-0.008493511892315357
2899,-0.008574897981423201
2900,-0.008562337033939972
2901,-0.01075624241979699
2902,-0.009631020110820353
2903,-0.009737749749431087
2904,-0.009208235518496196
2905,-0.009987934470395157
2906,-0.011339042929187887
2907,-0.013102938331538043
2908,-0.011441884001014813
2909,-0.014067134483645926
2910,-0.015004078004717642
2911,-0.016267100971502847
2912,-0.019958352723909053
2913,-0.02482879778892345
2914,-0.02462071063027858
2915,-0.025727300083163637
2916,-0.023797164655562017
2917,-0.029680472824222474
2918,-0.033295667700520046
2919,-0.03356002131118934
2920,-0.03355215258618072
2921,-0.03173791411456781
2922,-0.03278636441324807
2923,-0.03306214850974572
2924,-0.030713268069129246
2925,-0.02891568036967501
2926,-0.025664483373751205
2927,-0.022676308757388165
2928,-0.025196421805641994
2929,-0.026994381747255047
2930,-0.025174516136319377
2931,-0.02491068135127079
2932,-0.02427120480966684
2933,-0.024970235538929457
2934,-0.02155177216947182
2935,-0.019488139436815526
2936,-0.010404719168031191
2937,-0.0069063410849746
2938,-0.0012284234425455447
2939,0.0016848030241441922
2940,0.003041211249496193
2941,0.003176277934309364
2942,0.004975632883441276
2943,0.009938908688666835
2944,0.012493975809000461
2945,0.012754464321178723
2946,0.015701861481891906
2947,0.017467339541633334
2948,0.016395122999376344
2949,0.017028792057350847
2950,0.018891664331305888
2951,0.01956694503726355
2952,0.022798131538713615
2953,0.021310193209949417
2954,0.021988486782531826
2955,0.021231765409950254
2956,0.02476747568095279
2957,0.027928088227252998
2958,0.030565255671420037
2959,0.02817249662258703
2960,0.026358574700578813
2961,0.030056121344667987
2962,0.0351400771111486
2963,0.03963621681055046
2964,0.04354367845204635
2965,0.040972789294098255
2966,0.035267557231946946
2967,0.031842284084720854
2968,0.031457030164514205
2969,0.032394023822377924
2970,0.0317071797430957
2971,0.03256584898141855
2972,0.031704664587746505
2973,0.02871993444573734
2974,0.025714221257514533
2975,0.02431457270639347
2976,0.025134810311293835
2977,0.02834314180632557
2978,0.026730255055115386
2979,0.025280594668539432
2980,0.02266975796822847
2981,0.02391158279881381
2982,0.022178171258747707
2983,0.0220994656540455
2984,0.018825748839818537
2985,0.012817382616655808
2986,0.011159913288689597
2987,0.010332206044227084
2988,0.009363274879050351
2989,0.008292931406846192
2990,0.004004154254624512
2991,0.004948205606274531
2992,0.004095056409286216
2993,0.003582306612004312
2994,0.0039127162437180875
2995,0.003644116812024638
2996,0.006412945230721669
2997,0.008779536658547188
2998,0.012038983998932584
2999,0.013308617455387335
3000,-2.031791911304842e-05
3001,-0.007389142597564253
3002,-0.017496990084464162
3003,-0.02459902800172456
3004,-0.02461515406160992
3005,-0.02571400186512106
3006,-0.020917588699623464
3007,-0.01873933659549156
3008,-0.013804250911582393
3009,-0.015055422564791008
3010,-0.015468535310041772
3011,-0.01385211693411715
3012,-0.012933476897612404
3013,-0.015008783741945739
3014,-0.01940110903772132
3015,-0.02443043036875729
3016,-0.028749952926284905
3017,-0.02905733438122187
3018,-0.028614648658040108
3019,-0.02677915307829728
3020,-0.023505603402289375
3021,-0.019789927528526045
3022,-0.018147139592526278
3023,-0.017631113644634905
3024,-0.014868052978011989
3025,-0.015715441438621938
3026,-0.013394760038929315
3027,-0.012341313840740348
3028,-0.010068622968315115
3029,-0.009367497403267576
3030,-0.009548321604664924
3031,-0.009491787935493663
3032,-0.01260308265201982
3033,-0.01100700519322227
3034,-0.009572852122783585
3035,-0.010957819952111088
3036,-0.014966090856859956
3037,-0.015727651599501916
3038,-0.015202343554404293
3039,-0.013775926980502902
3040,-0.01297709498666436
3041,-0.010807817343995586
3042,-0.009993244637841871
3043,-0.01236972964482264
3044,-0.012876918510088705
3045,-0.012041353847900577
3046,-0.01305353850873828
3047,-0.012697719439273678
3048,-0.01348344624801158
3049,-0.016489417443659886
3050,-0.01847719517503798
3051,-0.01781423681300726
3052,-0.017950456797888485
3053,-0.017877813611994753
3054,-0.01794338848544617
3055,-0.017108258886079974
3056,-0.015624003283681197
3057,-0.016426895115221628
3058,-0.017757019521533413
3059,-0.018809314884204273
3060,-0.02243226058210595
3061,-0.025700310518194994
3062,-0.027011210568925526
3063,-0.023651583916390686
3064,-0.019255457085318783
3065,-0.017467937551580714
3066,-0.015199941229697238
3067,-0.012758402074317783
3068,-0.008264193762405439
3069,-0.005753018389657048
3070,-0.005343714249954973
3071,-0.005453727601296032
3072,-0.007243075290799043
3073,-0.005707130185864936
3074,-0.0034362661667866924
3075,0.0006606653486318712
3076,3.544321056744848e-05
3077,0.0019178173425502612
3078,0.006375114433176938
3079,0.007425277126586163
3080,0.007313483284639459
3081,0.006484174581477788
3082,0.008752738398558876
3083,0.010147135732006284
3084,0.014050165275726747
3085,0.01765152641254929
3086,0.02026523677776068
3087,0.0213234579475354
3088,0.02140514014739369
3089,0.022869702155876397
3090,0.023832243080146722
3091,0.0274912810343206
3092,0.026537027856550304
3093,0.02683917776333186
3094,0.028555606819323093
3095,0.027821705270426822
3096,0.028073197528722567
3097,0.02672245382985096
3098,0.026260438699161275
3099,0.02816103216787314
3100,0.027626400168564765
3101,0.027535682631276728
3102,0.027683033497840612
3103,0.02783896331555449
3104,0.026292970437468487
3105,0.024360196311263457
3106,0.023598825669745548
3107,0.023695889604118385
3108,0.0241604565319816
3109,0.01977357453028939
3110,0.021793422183419633
3111,0.022561790520367976
3112,0.02385670648904756
3113,0.02809179586187291
3114,0.03009242041909374
3115,0.031191934476680828
3116,0.029496440863317482
3117,0.02668359466148784
3118,0.022920620734467878
3119,0.020869909026946888
3120,0.030618124359100433
3121,0.02095369487727352
3122,0.01677904188379869
3123,0.015992332511748232
3124,0.015949190508034887
3125,0.01351478055617546
3126,0.011248222431625467
3127,0.011688857144343548
3128,0.013871486706995369
3129,0.01560164414961465
3130,0.014345349927970194
3131,0.01700920401125782
3132,0.017241214991734227
3133,0.01815456509013769
3134,0.017302532596027043
3135,0.012571624556430506
3136,0.006742727230116232
3137,0.0012362853100207696
3138,-0.0011822559363542234
3139,-0.0030560943672304983
3140,-0.004961799384667301
3141,-0.004988959853596861
3142,-0.0062204110591099135
3143,-0.00805264317485387
3144,-0.010132914908177002
3145,-0.009197601580345452
3146,-0.008761141390546241
3147,-0.009109283780365872
3148,-0.006011473868806266
3149,-0.005262712423493118
3150,-0.004056531038762599
3151,-0.00368126978021319
3152,-0.004566856143604241
3153,-0.008230214023598328
3154,-0.009438650517190651
3155,-0.009471814918766776
3156,-0.00859228063454475
3157,-0.00880403267859612
3158,-0.004896545810428386
3159,-0.009124568885457093
3160,-0.009726643548645879
3161,-0.009098811451774136
3162,-0.007639135486964028
3163,-0.006125207634453749
3164,-0.007083265937827345
3165,-0.006855613836338637
3166,-0.00889489101699889
3167,-0.008028637215700189
3168,-0.0051183391116000135
3169,-0.007181440559094383
3170,-0.001979016663930038
3171,-0.0016890961660048116
3172,0.00386175967183515
3173,0.005332618575477047
3174,0.0029837238304173458
3175,-0.00010157340108295915
3176,-0.004464537276793313
3177,-0.006048630815707782
3178,-0.0042348154909402375
3179,-0.007369617598227088
3180,-0.011456292896473375
3181,-0.012829883571927676
3182,-0.011018906909820533
3183,-0.01065893495041132
3184,-0.00993298810885102
3185,-0.009375547858365724
3186,-0.012377958165444323
3187,-0.013564679154448282
3188,-0.016877294916332067
3189,-0.018868301095909916
3190,-0.015448306879256381
3191,-0.01622293660404256
3192,-0.015618890914575072
3193,-0.014811030396551841
3194,-0.01674697063836652
3195,-0.015246233472965248
3196,-0.01327474544024245
3197,-0.009599448526892224
3198,-0.006541001771996297
3199,-0.005605534120212463
3200,-0.007556018959729804
3201,-0.008084535312071284
3202,-0.008075577811522822
3203,-0.007257194552715277
3204,-0.006605500976995543
3205,-0.009384899904529674
3206,-0.0071617774719349315
3207,-0.005238048585503054
3208,-0.0030654126965322746
3209,-0.0014989232939243997
3210,-0.0010758275091942385
3211,-0.003139216384694176
3212,-0.0011097264020958108
3213,-0.0013487724705368055
3214,0.001883407897340714
3215,0.0047871289848412275
3216,0.0009474458566058434
3217,-0.0003730219617579227
3218,0.0003646753224251457
3219,0.0005515320097074124
3220,0.004378310677565805
3221,0.004936718331161967
3222,0.007065181020341845
3223,0.006505864657598502
3224,0.0038900141136991436
3225,0.0032347705060136664
3226,-0.00034511905034018825
3227,-0.0014171037921362163
3228,-0.002631677127265004
3229,-0.004057831068492237
3230,-0.006414633483730822
3231,-0.005829136361593633
3232,-0.003569689371247715
3233,-0.0019559515337482696
3234,-0.0027134442561398625
3235,0.0008264095063562626
3236,0.0025384953099540485
3237,0.0014756499887959
3238,-0.003196442944872333
3239,-0.0029105761805762968
